from,to
4 Noble Truths,Noble Truth of Dukkha
4 Noble Truths,Noble Truth of Origin
4 Noble Truths,Noble Truth of Cessation
4 Noble Truths,Noble Eightfold Path
6 Gradual Trainings,Generosity
6 Gradual Trainings,Virtue
6 Gradual Trainings,Heaven
6 Gradual Trainings,Drawbacks
6 Gradual Trainings,Renunciation
6 Gradual Trainings,4 Noble Truths
Noble Eightfold Path,Right View
Noble Eightfold Path,Right Resolve
Noble Eightfold Path,Right Speech
Noble Eightfold Path,Right Action
Noble Eightfold Path,Right Livelihood
Noble Eightfold Path,Right Effort
Noble Eightfold Path,Right Mindfulness
Noble Eightfold Path,Right Concentration
Concentration,Right Effort
Concentration,Right Mindfulness
Concentration,Right Concentration
Discernement,Right View
Discernement,Right Resolve
Exclude,Exclude
Exclude,Fractal Dhamma
Exclude,Network
Generosity,
Generosity,Heaven
Generosity,
Heaven,
Heaven,Right View
Heaven,
Right Effort,
Right Mindfulness,
Right View,4 Noble Truths
Fractal Dhamma,4 Noble Truths
Virtue,Right Speech
Virtue,Right Action
Virtue,Right Livelihood
