id,title,pageId
Noble Truth of Dukkha,Noble Truth of Dukkha,doku.php?id=dhamma:1st_noble_truth
Noble Truth of Origination,Noble Truth of Origination,doku.php?id=dhamma:2nd_noble_truth
4 Noble Truths,4 Noble Truths,doku.php?id=dhamma:4_noble_truths
6 Gradual Trainings,6 Gradual Trainings,doku.php?id=dhamma:6_gradual_trainings
Noble Eightfold Path,Noble Eightfold Path,doku.php?id=dhamma:8_fold_path
Noble Truth of Cessation,Noble Truth of Cessation,doku.php?id=dhamma:cessation
Concentration,Concentration,doku.php?id=dhamma:concentration
Discernement,Discernement,doku.php?id=dhamma:discernement
Drawbacks,Drawbacks,doku.php?id=dhamma:drawbacks
Dukkha,Dukkha,doku.php?id=dhamma:dukkha
Generosity,Generosity,doku.php?id=dhamma:generosity
Heaven,Heaven,doku.php?id=dhamma:heaven
Jhana,Jhana,doku.php?id=dhamma:jhana
Kamma,Kamma,doku.php?id=dhamma:kamma
Nibbana,Nibbana,doku.php?id=dhamma:nibbana
Renunciation,Renunciation,doku.php?id=dhamma:renunciation
Right Action,Right Action,doku.php?id=dhamma:right_action
Right Concentration,Right Concentration,doku.php?id=dhamma:right_concentration
Right Effort,Right Effort,doku.php?id=dhamma:right_effort
Right Livelihood,Right Livelihood,doku.php?id=dhamma:right_livelihood
Right Mindfulness,Right Mindfulness,doku.php?id=dhamma:right_mindfulness
Right Resolve,Right Resolve,doku.php?id=dhamma:right_resolve
Right Speech,Right Speech,doku.php?id=dhamma:right_speech
Right View,Right View,doku.php?id=dhamma:right_view
Virtue,Virtue,doku.php?id=dhamma:virtue
